Job,Country,Annual Salary (USD),Source/Date
Web Developer,Iran,7000,ChatGPT (2025)
Web Developer,USA,85000,ChatGPT (2025)
Web Developer,Germany,65000,ChatGPT (2025)
Web Developer,India,12000,ChatGPT (2025)
Web Developer,Japan,60000,ChatGPT (2025)
Data Analyst,Iran,9000,ChatGPT (2025)
Data Analyst,USA,95000,ChatGPT (2025)
Data Analyst,Germany,72000,ChatGPT (2025)
Data Analyst,India,13000,ChatGPT (2025)
Data Analyst,Japan,67000,ChatGPT (2025)
Cybersecurity Specialist,Iran,11000,ChatGPT (2025)
Cybersecurity Specialist,USA,110000,ChatGPT (2025)
Cybersecurity Specialist,Germany,78000,ChatGPT (2025)
Cybersecurity Specialist,India,14000,ChatGPT (2025)
Cybersecurity Specialist,Japan,71000,ChatGPT (2025)
